<?xml version="1.0" encoding="UTF-8"?>
<project-private xmlns="http://www.netbeans.org/ns/project-private/1">
    <editor-bookmarks xmlns="http://www.netbeans.org/ns/editor-bookmarks/2" lastBookmarkId="0"/>
    <open-files xmlns="http://www.netbeans.org/ns/projectui-open-files/2">
        <group>
            <file>file:/Users/macstudent/Downloads/ProjectClass/src/projectclass/Intern.java</file>
            <file>file:/Users/macstudent/Downloads/ProjectClass/src/projectclass/ProjectClass.java</file>
            <file>file:/Users/macstudent/Downloads/ProjectClass/src/projectclass/Car.java</file>
            <file>file:/Users/macstudent/Downloads/ProjectClass/src/projectclass/IPrintable.java</file>
            <file>file:/Users/macstudent/Downloads/ProjectClass/src/projectclass/Employee.java</file>
            <file>file:/Users/macstudent/Downloads/ProjectClass/src/projectclass/FixedBasedPartTime.java</file>
            <file>file:/Users/macstudent/Downloads/ProjectClass/src/projectclass/MotorCycle.java</file>
            <file>file:/Users/macstudent/Downloads/ProjectClass/src/projectclass/CommissionBasedPartTime.java</file>
            <file>file:/Users/macstudent/Downloads/ProjectClass/src/projectclass/FullTime.java</file>
            <file>file:/Users/macstudent/Downloads/ProjectClass/src/projectclass/PartTime.java</file>
            <file>file:/Users/macstudent/Downloads/ProjectClass/src/projectclass/Vehicle.java</file>
        </group>
    </open-files>
</project-private>
