<?xml version="1.0" encoding="UTF-8"?>
<project-private xmlns="http://www.netbeans.org/ns/project-private/1">
    <editor-bookmarks xmlns="http://www.netbeans.org/ns/editor-bookmarks/2" lastBookmarkId="0"/>
    <open-files xmlns="http://www.netbeans.org/ns/projectui-open-files/2">
        <group>
            <file>file:/Users/macstudent/NetBeansProjects/C0689095_MidTerm_MADF3464/src/c0689095_midterm_madf3464/C0689095_MidTerm_MADF3464.java</file>
            <file>file:/Users/macstudent/NetBeansProjects/C0689095_MidTerm_MADF3464/src/StringTools.java</file>
        </group>
    </open-files>
</project-private>
